Workbook
Name Material: [1]ZMV044!$D$2:$D$7000

Sheet NG list
C1: NG&Deadstock | D1: IAF19567 | E1: Shortage | F1: IAF19566 | L1: Vendor cost | N1: PSNV cost | P1: Pending | R1: Scrap cost | S1: PIC remark status | T1: Maker | U1: Deadline | V1: Description | W1: PIC | X1: PCB | Y1: VENDOR CODE | Z1: VENDOR NAME | AA1: PSNV req
A2: Plan | B2: Plnt | C2: MTyp | D2: Material | E2: Material description | F2: Standard price | G2: SLoc | H2: Total stock qty | I2: Total stock amount | J2: Pur grp | K2: MRP ctl | L2: Q.ty | M2: Amount | N2: Q.ty | O2: Amount | P2: Q.ty | Q2: Amount | AA2: Oct | AB2: Nov | AC2: Dec | AD2: Jan | AE2: PUS | AF2: & | AG2: Actual Price | AH2: Debit Note number
A3: DP | B3: VR01 | C3: ROH | D3: PNBC1678ZA1MA15/V1 | E3: KEY/METAL/BUTTON COVER V530 | F3: 1.3877 | G3: 1185 | H3: 6 | I3: 8.3262 | J3: R35 | K3: R35 | N3: 6 | O3: =N3*F3 -> 8.3262 | R3: PSNV cost | S3: Scrap PSNV cost 2pcs | V3: Painting NG | W3: Thùy Linh | Y3: VE053 | Z3: TSUKUBA DIECASTING VIETNAM CO. LTD | AA3: -660 | AB3: -528 | AC3: -492 | AD3: -486 | AE3: Local | AF3: =D3&G3 -> PNBC1678ZA1MA15/V11185
A4: DP | B4: VR01 | C4: ROH | D4: PNPN1591ZA/V2 | E4: CARTON PAD | F4: 0.1485 | G4: 1185 | H4: 55 | I4: 8.1675 | J4: R44 | K4: R44 | N4: 55 | O4: =N4*F4 -> 8.1675 | R4: PSNV cost | S4: Scrap PSNV cost | W4: Nguyễn | Y4: VE061 | Z4: HUNG YEN CHUNG PHAT CO. LTD | AA4: -4473 | AB4: -4758 | AC4: -4920 | AD4: -4350 | AE4: Local | AF4: =D4&G4 -> PNPN1591ZA/V21185
A5: DP | B5: VR01 | C5: ROH | D5: PNMY1005ZA-VU | E5: CHARGER SHEET | F5: 0.0665 | G5: 1185 | H5: 79 | I5: 5.2535 | J5: R96 | K5: R33 | N5: 79 | O5: =N5*F5 -> 5.2535 | R5: PSNV cost | S5: Scrap PSNV cost | W5: Hà My | Y5: VE011 | Z5: MALUGO VIETNAM CO. LTD | AA5: -50 | AB5: -30 | AC5: -20 | AD5: 0 | AE5: Local | AF5: =D5&G5 -> PNMY1005ZA-VU1185
A6: DP | B6: VR01 | C6: ROH | D6: PNPK4298006ZA/V1 | E6: CARTON BOX | F6: 0.22213 | G6: 1185 | H6: 21 | I6: 4.66473 | J6: R44 | K6: R44 | N6: 21 | O6: =N6*F6 -> 4.66473 | R6: PSNV cost | S6: Scrap PSNV cost | W6: Nguyễn | Y6: VE041 | Z6: DYNAPAC (HANOI) CO. LTD | AA6: -1800 | AB6: -1506 | AC6: -1410 | AD6: -1320 | AE6: Local | AF6: =D6&G6 -> PNPK4298006ZA/V11185
A7: DP | B7: VR01 | C7: ROH | D7: PNPK4313002ZA/V1 | E7: CARTON BOX | F7: 0.2283 | G7: 1185 | H7: 18 | I7: 4.1094 | J7: R44 | K7: R44 | N7: 18 | O7: =N7*F7 -> 4.1094 | R7: PSNV cost | S7: Scrap PSNV cost | W7: Nguyễn | Y7: VE116 | Z7: BRANCH OF OJITEX HAI PHONG CO. | AA7: -3189 | AB7: -2352 | AC7: 0 | AD7: -450 | AE7: Local | AF7: =D7&G7 -> PNPK4313002ZA/V11185
A8: DP | B8: VR01 | C8: ROH | D8: PNGP1866ZA1KC15/V1 | E8: PANEL/Plastic/FRONT PANEL | F8: 0.40015 | G8: 1185 | H8: 10 | I8: 4.0015 | J8: R35 | K8: R35 | N8: 10 | O8: =N8*F8 -> 4.0015 | R8: PSNV cost | S8: Scrap PSNV cost | W8: Thùy Linh | Y8: VE079 | Z8: VIETDRAGON PRECISION PLASTIC CO. | AA8: -34213 | AB8: -45108 | AC8: -20820 | AD8: -40740 | AE8: Local | AF8: =D8&G8 -> PNGP1866ZA1KC15/V11185
A9: DP | B9: VR01 | C9: ROH | D9: PNPG3443005YA/V1 | E9: CARTON BOX | F9: 0.7653 | G9: 1185 | H9: 5 | I9: 3.8265 | J9: R44 | K9: R44 | N9: 5 | O9: =N9*F9 -> 3.8265 | R9: PSNV cost | S9: Scrap PSNV cost | W9: Nguyễn | Y9: VE116 | Z9: BRANCH OF OJITEX HAI PHONG CO. | AA9: -640 | AB9: -551 | AC9: -450 | AD9: -400 | AE9: Local | AF9: =D9&G9 -> PNPG3443005YA/V11185
A10: DP | B10: VR01 | C10: ROH | D10: PNPN1580ZA/V1 | E10: INNER PAD / SZ50 | F10: 0.14862 | G10: 1185 | H10: 25 | I10: 3.7155 | J10: R44 | K10: R44 | N10: 25 | O10: =N10*F10 -> 3.7155 | R10: PSNV cost | S10: Scrap PSNV cost | V10: Torn | W10: Nguyễn | Y10: VE041 | Z10: DYNAPAC (HANOI) CO. LTD | AA10: -6534 | AB10: -5328 | AC10: -4392 | AD10: -3324 | AE10: Local | AF10: =D10&G10 -> PNPN1580ZA/V11185
A11: DP | B11: VR01 | C11: ROH | D11: PNPK4370001ZA/V1 | E11: INNER BOX | F11: 0.16454 | G11: 1185 | H11: 21 | I11: 3.45534 | J11: R44 | K11: R44 | N11: 21 | O11: =N11*F11 -> 3.45534 | R11: PSNV cost | S11: Scrap PSNV cost | W11: Nguyễn | Y11: VE041 | Z11: DYNAPAC (HANOI) CO. LTD | AA11: -9960 | AB11: -9780 | AC11: -7050 | AD11: -9000 | AE11: Local | AF11: =D11&G11 -> PNPK4370001ZA/V11185
A12: DP | B12: VR01 | C12: ROH | D12: PNPK3396001YA/V1 | E12: CARTON BOX | F12: 0.2413 | G12: 1185 | H12: 13 | I12: 3.1369 | J12: R44 | K12: R44 | N12: 13 | O12: =N12*F12 -> 3.1369 | R12: PSNV cost | S12: Scrap PSNV cost | W12: Nguyễn | Y12: VE116 | Z12: BRANCH OF OJITEX HAI PHONG CO. | AA12: -360 | AB12: -330 | AC12: -330 | AD12: -300 | AE12: Local | AF12: =D12&G12 -> PNPK3396001YA/V11185
A13: DP | B13: VR01 | C13: ROH | D13: PNPK4206001YA/V1 | E13: CARTON BOX | F13: 0.26932 | G13: 1185 | H13: 11 | I13: 2.96252 | J13: R44 | K13: R44 | N13: 11 | O13: =N13*F13 -> 2.96252 | R13: PSNV cost | S13: Scrap PSNV cost | W13: Nguyễn | Y13: VE041 | Z13: DYNAPAC (HANOI) CO. LTD | AA13: -2820 | AB13: -1409 | AC13: -1830 | AD13: -1950 | AE13: Local | AF13: =D13&G13 -> PNPK4206001YA/V11185
A14: DP | B14: VR01 | C14: ROH | D14: PNPK4338008ZA/V1 | E14: CARTON BOX | F14: 0.10167 | G14: 1185 | H14: 29 | I14: 2.94843 | J14: R31 | K14: R31 | N14: 29 | O14: =N14*F14 -> 2.94843 | R14: PSNV cost | S14: Scrap PSNV cost | V14: Torn | W14: Đặng Huyền | Y14: VE115 | Z14: PHUONG LINH INVESTMENT TRADING | AA14: -6900 | AB14: -10404 | AC14: -1746 | AD14: -6240 | AE14: Local | AF14: =D14&G14 -> PNPK4338008ZA/V11185
A15: DP | B15: VR01 | C15: ROH | D15: PNPK4298005ZA/V1 | E15: CARTON BOX | F15: 0.21426 | G15: 1185 | H15: 13 | I15: 2.78538 | J15: R44 | K15: R44 | N15: 13 | O15: =N15*F15 -> 2.78538 | R15: PSNV cost | S15: Scrap PSNV cost | T15: =IFERROR(VLOOKUP(D15,[2]Sheet1!$B:$C,2,0),"") | W15: Nguyễn | Y15: VE041 | Z15: DYNAPAC (HANOI) CO. LTD | AA15: -1050 | AB15: -918 | AC15: -900 | AD15: -810 | AE15: Local | AF15: =D15&G15 -> PNPK4298005ZA/V11185
A16: DP | B16: VR01 | C16: ROH | D16: PNPK4241007ZA/V2 | E16: CARTON BOX | F16: 0.25961 | G16: 1185 | H16: 10 | I16: 2.5961 | J16: R44 | K16: R44 | N16: 10 | O16: =N16*F16 -> 2.5961 | R16: PSNV cost | S16: Scrap PSNV cost | T16: =IFERROR(VLOOKUP(D16,[2]Sheet1!$B:$C,2,0),"") | W16: Nguyễn | Y16: VE041 | Z16: DYNAPAC (HANOI) CO. LTD | AA16: -1440 | AB16: -1266 | AC16: -1560 | AD16: -1500 | AE16: Local | AF16: =D16&G16 -> PNPK4241007ZA/V21185
A17: DP | B17: VR01 | C17: ROH | D17: PNPK3673004YA/V1 | E17: CARTON BOX | F17: 0.424 | G17: 1185 | H17: 6 | I17: 2.544 | J17: R44 | K17: R44 | N17: 6 | O17: =N17*F17 -> 2.544 | R17: PSNV cost | S17: Scrap PSNV cost | W17: Nguyễn | Y17: VE116 | Z17: BRANCH OF OJITEX HAI PHONG CO. | AA17: -750 | AB17: -1224 | AC17: -750 | AD17: -870 | AE17: Local | AF17: =D17&G17 -> PNPK3673004YA/V11185
A18: DP | B18: VR01 | C18: ROH | D18: PNPK3396008ZA/V1 | E18: CARTON BOX | F18: 0.2783 | G18: 1185 | H18: 9 | I18: 2.5047 | J18: R44 | K18: R44 | N18: 9 | O18: =N18*F18 -> 2.5047 | R18: PSNV cost | S18: Scrap PSNV cost | W18: Nguyễn | Y18: VE116 | Z18: BRANCH OF OJITEX HAI PHONG CO. | AA18: -300 | AB18: -300 | AC18: -282 | AD18: -270 | AE18: Local | AF18: =D18&G18 -> PNPK3396008ZA/V11185
A19: DP | B19: VR01 | C19: ROH | D19: PNPK3395008YA/V1 | E19: CARTON BOX | F19: 0.3098 | G19: 1185 | H19: 8 | I19: 2.4784 | J19: R44 | K19: R44 | N19: 8 | O19: =N19*F19 -> 2.4784 | R19: PSNV cost | S19: Scrap PSNV cost | W19: Nguyễn | Y19: VE116 | Z19: BRANCH OF OJITEX HAI PHONG CO. | AA19: -690 | AB19: -690 | AC19: -582 | AD19: -540 | AE19: Local | AF19: =D19&G19 -> PNPK3395008YA/V11185
A20: DP | B20: VR01 | C20: ROH | D20: PNGE1086ZA/V1 | E20: PANEL/METAL/BUTTON PLATE/VH558 | F20: 1.17 | G20: 1185 | H20: 2 | I20: 2.34 | J20: R30 | K20: R30 | N20: 2 | O20: =N20*F20 -> 2.34 | R20: PSNV cost | S20: Scrap PSNV cost | T20: =IFERROR(VLOOKUP(D20,[2]Sheet1!$B:$C,2,0),"") | W20: Tâm | Y20: VE075 | Z20: SHINEI CORONA VIETNAM CO. LTD | AA20: -1419 | AB20: -1185 | AC20: -1179 | AD20: -1698 | AE20: Local | AF20: =D20&G20 -> PNGE1086ZA/V11185
A21: DP | B21: VR01 | C21: ROH | D21: PNPK4167003ZA/V3 | E21: CARTON BOX | F21: 0.22266 | G21: 1185 | H21: 10 | I21: 2.2266 | J21: R44 | K21: R44 | N21: 10 | O21: =N21*F21 -> 2.2266 | R21: PSNV cost | S21: Scrap PSNV cost | W21: Nguyễn | Y21: VE041 | Z21: DYNAPAC (HANOI) CO. LTD | AA21: -1173 | AB21: -1440 | AC21: -1710 | AD21: -1200 | AE21: Local | AF21: =D21&G21 -> PNPK4167003ZA/V31185
A22: DP | B22: VR01 | C22: ROH | D22: PNPK3396007YA/V1 | E22: CARTON BOX | F22: 0.2441 | G22: 1185 | H22: 9 | I22: 2.1969 | J22: R44 | K22: R44 | N22: 9 | O22: =N22*F22 -> 2.1969 | R22: PSNV cost | S22: Scrap PSNV cost | W22: Nguyễn | Y22: VE116 | Z22: BRANCH OF OJITEX HAI PHONG CO. | AA22: -318 | AB22: -300 | AC22: -312 | AD22: -270 | AE22: Local | AF22: =D22&G22 -> PNPK3396007YA/V11185
A23: DP | B23: VR01 | C23: ROH | D23: PNPK4298008ZA/V1 | E23: CARTON BOX | F23: 0.23447 | G23: 1185 | H23: 9 | I23: 2.11023 | J23: R44 | K23: R44 | N23: 9 | O23: =N23*F23 -> 2.11023 | R23: PSNV cost | S23: Scrap PSNV cost | W23: Nguyễn | Y23: VE041 | Z23: DYNAPAC (HANOI) CO. LTD | AA23: -5100 | AB23: -5430 | AC23: -2490 | AD23: -3432 | AE23: Local | AF23: =D23&G23 -> PNPK4298008ZA/V11185
A24: DP | B24: VR01 | C24: ROH | D24: PNPK3575002YA/V1 | E24: CARTON BOX | F24: 0.3505 | G24: 1185 | H24: 6 | I24: 2.103 | J24: R44 | K24: R44 | N24: 6 | O24: =N24*F24 -> 2.103 | R24: PSNV cost | S24: Scrap PSNV cost | T24: =IFERROR(VLOOKUP(D24,[2]Sheet1!$B:$C,2,0),"") | W24: Nguyễn | Y24: VE116 | Z24: BRANCH OF OJITEX HAI PHONG CO. | AA24: -900 | AB24: -912 | AC24: -810 | AD24: -780 | AE24: Local | AF24: =D24&G24 -> PNPK3575002YA/V11185
A25: DP | B25: VR01 | C25: ROH | D25: PNPG4047004ZA/V1 | E25: Carton box | F25: 0.32458 | G25: 1185 | H25: 6 | I25: 1.94748 | J25: R31 | K25: R31 | N25: 6 | O25: =N25*F25 -> 1.94748 | R25: PSNV cost | S25: Scrap PSNV cost | W25: Đặng Huyền | Y25: VE115 | Z25: PHUONG LINH INVESTMENT TRADING | AA25: -958 | AB25: -907 | AC25: -880 | AD25: -858 | AE25: Local | AF25: =D25&G25 -> PNPG4047004ZA/V11185
A26: DP | B26: VR01 | C26: ROH | D26: PNPK3395010ZA/V1 | E26: CARTON BOX | F26: 0.6274 | G26: 1185 | H26: 3 | I26: 1.8822 | J26: R44 | K26: R44 | N26: 3 | O26: =N26*F26 -> 1.8822 | R26: PSNV cost | S26: Scrap PSNV cost | W26: Nguyễn | Y26: VE116 | Z26: BRANCH OF OJITEX HAI PHONG CO. | AA26: -420 | AB26: -342 | AC26: -360 | AD26: -270 | AE26: Local | AF26: =D26&G26 -> PNPK3395010ZA/V11185
A27: DP | B27: VR01 | C27: ROH | D27: PNPN1593ZA/V2 | E27: PAD/EPS/HC400 | F27: 0.59 | G27: 1185 | H27: 3 | I27: 1.77 | J27: R35 | K27: R35 | N27: 3 | O27: =N27*F27 -> 1.77 | R27: PSNV cost | S27: Scrap PSNV cost | W27: Thùy Linh | Y27: VE090 | Z27: THIEN QUANG GROUP JOINT STOCK | AA27: -270 | AB27: -282 | AC27: -330 | AD27: -360 | AE27: Local | AF27: =D27&G27 -> PNPN1593ZA/V21185
A28: DP | B28: VR01 | C28: ROH | D28: PNPK4361004ZA/V1 | E28: Carton box | F28: 0.1172 | G28: 1185 | H28: 15 | I28: 1.758 | J28: R31 | K28: R31 | N28: 15 | O28: =N28*F28 -> 1.758 | R28: PSNV cost | S28: Scrap PSNV cost | V28: Torn | W28: Đặng Huyền | Y28: VE115 | Z28: PHUONG LINH INVESTMENT TRADING | AA28: -5700 | AB28: -5412 | AC28: -5250 | AD28: -5100 | AE28: Local | AF28: =D28&G28 -> PNPK4361004ZA/V11185
A29: DP | B29: VR01 | C29: ROH | D29: PNKE1264ZB/V2 | E29: JOINT REAR COVER/CAMERA | F29: 1.6853 | G29: 1185 | H29: 1 | I29: 1.6853 | J29: R35 | K29: R35 | N29: 1 | O29: =N29*F29 -> 1.6853 | R29: PSNV cost | S29: Scrap PSNV cost | T29: =IFERROR(VLOOKUP(D29,[2]Sheet1!$B:$C,2,0),"") | W29: Thùy Linh | Y29: VE053 | Z29: TSUKUBA DIECASTING VIETNAM CO. LTD | AA29: -2670 | AB29: -2877 | AC29: -2100 | AD29: -2070 | AE29: Local | AF29: =D29&G29 -> PNKE1264ZB/V21185
A30: DP | B30: VR01 | C30: ROH | D30: PNPN1622ZA/V1 | E30: CARTON PAD | F30: 0.0918 | G30: 1185 | H30: 18 | I30: 1.6524 | J30: R44 | K30: R44 | N30: 18 | O30: =N30*F30 -> 1.6524 | R30: PSNV cost | S30: Scrap PSNV cost | T30: =IFERROR(VLOOKUP(D30,[2]Sheet1!$B:$C,2,0),"") | W30: Nguyễn | Y30: VE061 | Z30: HUNG YEN CHUNG PHAT CO. LTD | AA30: 0 | AB30: 0 | AC30: 0 | AD30: 0 | AE30: Local | AF30: =D30&G30 -> PNPN1622ZA/V11185
A31: DP | B31: VR01 | C31: ROH | D31: PNPK4338009ZA/V1 | E31: CARTON BOX | F31: 0.10208 | G31: 1185 | H31: 16 | I31: 1.63328 | J31: R31 | K31: R31 | N31: 16 | O31: =N31*F31 -> 1.63328 | R31: PSNV cost | S31: Scrap PSNV cost | T31: =IFERROR(VLOOKUP(D31,[2]Sheet1!$B:$C,2,0),"") | W31: Đặng Huyền | Y31: VE115 | Z31: PHUONG LINH INVESTMENT TRADING | AA31: -5100 | AB31: -6102 | AC31: -3348 | AD31: -4350 | AE31: Local | AF31: =D31&G31 -> PNPK4338009ZA/V11185
A32: DP | B32: VR01 | C32: ROH | D32: PNGP1419ZA/V1 | E32: FRONT PANEL METAL | F32: 1.57404 | G32: 1185 | H32: 1 | I32: 1.57404 | J32: R97 | K32: R30 | N32: 1 | O32: =N32*F32 -> 1.57404 | R32: PSNV cost | S32: Scrap PSNV cost | T32: =IFERROR(VLOOKUP(D32,[2]Sheet1!$B:$C,2,0),"") | W32: Tâm | Y32: VE075 | Z32: SHINEI CORONA VIETNAM CO. LTD | AA32: -23 | AB32: 0 | AC32: 0 | AD32: 0 | AE32: Local | AF32: =D32&G32 -> PNGP1419ZA/V11185
A33: DP | B33: VR01 | C33: ROH | D33: PNPK3799005YA/V1 | E33: CARTON BOX | F33: 0.3664 | G33: 1185 | H33: 4 | I33: 1.4656 | J33: R44 | K33: R44 | N33: 4 | O33: =N33*F33 -> 1.4656 | R33: PSNV cost | S33: Scrap PSNV cost | W33: Nguyễn | Y33: VE116 | Z33: BRANCH OF OJITEX HAI PHONG CO. | AA33: -300 | AB33: -282 | AC33: -312 | AD33: -270 | AE33: Local | AF33: =D33&G33 -> PNPK3799005YA/V11185
A34: DP | B34: VR01 | C34: ROH | D34: PNPN1624ZA/V1 | E34: CARTON PAD | F34: 0.0708 | G34: 1185 | H34: 18 | I34: 1.2744 | J34: R44 | K34: R44 | N34: 18 | O34: =N34*F34 -> 1.2744 | R34: PSNV cost | S34: Scrap PSNV cost | T34: =IFERROR(VLOOKUP(D34,[2]Sheet1!$B:$C,2,0),"") | W34: Nguyễn | Y34: VE061 | Z34: HUNG YEN CHUNG PHAT CO. LTD | AA34: -12342 | AB34: -12846 | AC34: -9804 | AD34: -10164 | AE34: Local | AF34: =D34&G34 -> PNPN1624ZA/V11185
A35: DP | B35: VR01 | C35: ROH | D35: PNPK4313004ZA/V1 | E35: CARTON BOX | F35: 0.2542 | G35: 1185 | H35: 5 | I35: 1.271 | J35: R44 | K35: R44 | N35: 5 | O35: =N35*F35 -> 1.271 | R35: PSNV cost | S35: Scrap PSNV cost | W35: Nguyễn | Y35: VE116 | Z35: BRANCH OF OJITEX HAI PHONG CO. | AA35: -450 | AB35: -1146 | AC35: -480 | AD35: -348 | AE35: Local | AF35: =D35&G35 -> PNPK4313004ZA/V11185
A36: DP | B36: VR01 | C36: ROH | D36: PNPK4361006ZA/V1 | E36: Carton box | F36: 0.15592 | G36: 1185 | H36: 8 | I36: 1.24736 | J36: R31 | K36: R31 | N36: 8 | O36: =N36*F36 -> 1.24736 | R36: PSNV cost | S36: Scrap PSNV cost | W36: Đặng Huyền | Y36: VE115 | Z36: PHUONG LINH INVESTMENT TRADING | AA36: -2524 | AB36: -2238 | AC36: -2490 | AD36: -2220 | AE36: Local | AF36: =D36&G36 -> PNPK4361006ZA/V11185
A37: DP | B37: VR01 | C37: ROH | D37: PFYP1019ZE | E37: PLATE/FRONT | F37: 0.4149 | G37: 1185 | H37: 3 | I37: 1.2447 | J37: R35 | K37: R35 | N37: 3 | O37: =N37*F37 -> 1.2447 | R37: PSNV cost | S37: Scrap PSNV cost | T37: =IFERROR(VLOOKUP(D37,[2]Sheet1!$B:$C,2,0),"") | W37: Thùy Linh | Y37: VE079 | Z37: VIETDRAGON PRECISION PLASTIC CO. | AA37: -2077 | AB37: -648 | AC37: -1592 | AD37: -1569 | AE37: Local | AF37: =D37&G37 -> PFYP1019ZE1185
A38: DP | B38: VR01 | C38: ROH | D38: PNMH1262ZB/V2 | E38: GEAR STOPPER/ARM | F38: 1.198 | G38: 1185 | H38: 1 | I38: 1.198 | J38: R35 | K38: R35 | N38: 1 | O38: =N38*F38 -> 1.198 | R38: PSNV cost | S38: Scrap PSNV cost | T38: =IFERROR(VLOOKUP(D38,[2]Sheet1!$B:$C,2,0),"") | W38: Thùy Linh | Y38: VE053 | Z38: TSUKUBA DIECASTING VIETNAM CO. LTD | AA38: -2670 | AB38: -2877 | AC38: -2100 | AD38: -2070 | AE38: Local | AF38: =D38&G38 -> PNMH1262ZB/V21185
A39: DP | B39: VR01 | C39: ROH | D39: PNPN1550ZA/V3 | E39: CARTON PAD | F39: 0.12188 | G39: 1185 | H39: 9 | I39: 1.09692 | J39: R44 | K39: R44 | N39: 9 | O39: =N39*F39 -> 1.09692 | R39: PSNV cost | S39: Scrap PSNV cost | W39: Nguyễn | Y39: VE041 | Z39: DYNAPAC (HANOI) CO. LTD | AA39: -1101 | AB39: 0 | AC39: -900 | AD39: -900 | AE39: Local | AF39: =D39&G39 -> PNPN1550ZA/V31185
A40: DP | B40: VR01 | C40: ROH | D40: PNHX2299ZA/V1 | E40: SHEET/SPEAKER/V572A | F40: 0.098 | G40: 1185 | H40: 11 | I40: 1.078 | J40: R33 | K40: R33 | N40: 11 | O40: =N40*F40 -> 1.078 | R40: PSNV cost | S40: Scrap PSNV cost | W40: Hà My | Y40: VE054 | Z40: FIT VIETNAM CO. LTD | AA40: -81732 | AB40: -91400 | AC40: -56916 | AD40: -75792 | AE40: Local | AF40: =D40&G40 -> PNHX2299ZA/V11185
A41: DP | B41: VR01 | C41: ROH | D41: PNPK2984016ZA/V1 | E41: CARTON BOX | F41: 0.3507 | G41: 1185 | H41: 3 | I41: 1.0521 | J41: R44 | K41: R44 | N41: 3 | O41: =N41*F41 -> 1.0521 | R41: PSNV cost | S41: Scrap PSNV cost | W41: Nguyễn | Y41: VE116 | Z41: BRANCH OF OJITEX HAI PHONG CO. | AA41: -90 | AB41: -90 | AC41: -90 | AD41: -90 | AE41: Local | AF41: =D41&G41 -> PNPK2984016ZA/V11185
A42: DP | B42: VR01 | C42: ROH | D42: PNPK4314001ZA/V1 | E42: CARTON BOX | F42: 0.1051 | G42: 1185 | H42: 10 | I42: 1.051 | J42: R44 | K42: R44 | N42: 10 | O42: =N42*F42 -> 1.051 | R42: PSNV cost | S42: Scrap PSNV cost | W42: Nguyễn | Y42: VE116 | Z42: BRANCH OF OJITEX HAI PHONG CO. | AA42: -126 | AB42: -156 | AC42: -144 | AD42: -132 | AE42: Local | AF42: =D42&G42 -> PNPK4314001ZA/V11185
A43: DP | B43: VR01 | C43: ROH | D43: PNPK4088005XA/V2 | E43: CARTON BOX | F43: 0.34733 | G43: 1185 | H43: 3 | I43: 1.04199 | J43: R44 | K43: R44 | N43: 3 | O43: =N43*F43 -> 1.04199 | R43: PSNV cost | S43: Scrap PSNV cost | W43: Nguyễn | Y43: VE041 | Z43: DYNAPAC (HANOI) CO. LTD | AA43: -90 | AB43: 0 | AC43: -120 | AD43: -120 | AE43: Local | AF43: =D43&G43 -> PNPK4088005XA/V21185
A44: DP | B44: VR01 | C44: ROH | D44: PNPN1634ZA/V1 | E44: CARTON PAD | F44: 0.20482 | G44: 1185 | H44: 5 | I44: 1.0241 | J44: R44 | K44: R44 | N44: 5 | O44: =N44*F44 -> 1.0241 | R44: PSNV cost | S44: Scrap PSNV cost | W44: Nguyễn | Y44: VE041 | Z44: DYNAPAC (HANOI) CO. LTD | AA44: -4854 | AB44: -4878 | AC44: -1512 | AD44: -1326 | AE44: Local | AF44: =D44&G44 -> PNPN1634ZA/V11185
A45: DP | B45: VR01 | C45: ROH | D45: PNPK4338007ZA/V1 | E45: CARTON BOX | F45: 0.10125 | G45: 1185 | H45: 10 | I45: 1.0125 | J45: R31 | K45: R31 | N45: 10 | O45: =N45*F45 -> 1.0125 | R45: PSNV cost | S45: Scrap PSNV cost | T45: =IFERROR(VLOOKUP(D45,[2]Sheet1!$B:$C,2,0),"") | W45: Đặng Huyền | Y45: VE115 | Z45: PHUONG LINH INVESTMENT TRADING | AA45: -17838 | AB45: -22662 | AC45: -9966 | AD45: -25200 | AE45: Local | AF45: =D45&G45 -> PNPK4338007ZA/V11185
A46: DP | B46: VR01 | C46: ROH | D46: PNPK4312002ZA/V1 | E46: CARTON BOX | F46: 0.2396 | G46: 1185 | H46: 4 | I46: 0.9584 | J46: R44 | K46: R44 | N46: 4 | O46: =N46*F46 -> 0.9584 | R46: PSNV cost | S46: Scrap PSNV cost | W46: Nguyễn | Y46: VE116 | Z46: BRANCH OF OJITEX HAI PHONG CO. | AA46: -690 | AB46: -573 | AC46: -480 | AD46: -210 | AE46: Local | AF46: =D46&G46 -> PNPK4312002ZA/V11185
A47: DP | B47: VR01 | C47: ROH | D47: PNPK4202001ZA/V2 | E47: CARTON BOX | F47: 0.3177 | G47: 1185 | H47: 3 | I47: 0.9531 | J47: R44 | K47: R44 | N47: 3 | O47: =N47*F47 -> 0.9531 | R47: PSNV cost | S47: Scrap PSNV cost | W47: Nguyễn | Y47: VE041 | Z47: DYNAPAC (HANOI) CO. LTD | AA47: -270 | AB47: -287 | AC47: -330 | AD47: -360 | AE47: Local | AF47: =D47&G47 -> PNPK4202001ZA/V21185
A48: DP | B48: VR01 | C48: ROH | D48: PNPK3395009YA/V1 | E48: CARTON BOX | F48: 0.3126 | G48: 1185 | H48: 3 | I48: 0.9378 | J48: R44 | K48: R44 | N48: 3 | O48: =N48*F48 -> 0.9378 | R48: PSNV cost | S48: Scrap PSNV cost | W48: Nguyễn | Y48: VE116 | Z48: BRANCH OF OJITEX HAI PHONG CO. | AA48: -498 | AB48: -390 | AC48: -420 | AD48: -360 | AE48: Local | AF48: =D48&G48 -> PNPK3395009YA/V11185
A49: DP | B49: VR01 | C49: ROH | D49: PNPK3131009WA/V1 | E49: CARTON BOX | F49: 0.2289 | G49: 1185 | H49: 4 | I49: 0.9156 | J49: R44 | K49: R44 | N49: 4 | O49: =N49*F49 -> 0.9156 | R49: PSNV cost | S49: Scrap PSNV cost | W49: Nguyễn | Y49: VE116 | Z49: BRANCH OF OJITEX HAI PHONG CO. | AA49: -120 | AB49: 0 | AC49: 0 | AD49: -75 | AE49: Local | AF49: =D49&G49 -> PNPK3131009WA/V11185
A50: DP | B50: VR01 | C50: ROH | D50: PNPN1594ZA/V1 | E50: CARTON PAD | F50: 0.1762 | G50: 1185 | H50: 5 | I50: 0.881 | J50: R44 | K50: R44 | N50: 5 | O50: =N50*F50 -> 0.881 | R50: PSNV cost | S50: Scrap PSNV cost | W50: Nguyễn | Y50: VE041 | Z50: DYNAPAC (HANOI) CO. LTD | AA50: -3600 | AB50: -4446 | AC50: -1890 | AD50: -3180 | AE50: Local | AF50: =D50&G50 -> PNPN1594ZA/V11185
A51: DP | B51: VR01 | C51: ROH | D51: PNPK2984020ZA/V1 | E51: CARTON BOX | F51: 0.2713 | G51: 1185 | H51: 3 | I51: 0.8139 | J51: R44 | K51: R44 | N51: 3 | O51: =N51*F51 -> 0.8139 | R51: PSNV cost | S51: Scrap PSNV cost | W51: Nguyễn | Y51: VE116 | Z51: BRANCH OF OJITEX HAI PHONG CO. | AA51: -672 | AB51: -588 | AC51: -630 | AD51: -570 | AE51: Local | AF51: =D51&G51 -> PNPK2984020ZA/V11185
A52: DP | B52: VR01 | C52: ROH | D52: PNPD2220ZA/V1 | E52: CARTON PAD | F52: 0.08306 | G52: 1185 | H52: 9 | I52: 0.74754 | J52: R44 | K52: R44 | N52: 9 | O52: =N52*F52 -> 0.74754 | R52: PSNV cost | S52: Scrap PSNV cost | W52: Nguyễn | Y52: VE041 | Z52: DYNAPAC (HANOI) CO. LTD | AA52: -4548 | AB52: -3294 | AC52: -3594 | AD52: -3540 | AE52: Local | AF52: =D52&G52 -> PNPD2220ZA/V11185
A53: DP | B53: VR01 | C53: ROH | D53: PNPK4361002ZA/V1 | E53: Carton box | F53: 0.13497 | G53: 1185 | H53: 5 | I53: 0.67485 | J53: R31 | K53: R31 | N53: 5 | O53: =N53*F53 -> 0.67485 | R53: PSNV cost | S53: Scrap PSNV cost | W53: Đặng Huyền | Y53: VE115 | Z53: PHUONG LINH INVESTMENT TRADING | AA53: -1440 | AB53: -1140 | AC53: -1140 | AD53: -1083 | AE53: Local | AF53: =D53&G53 -> PNPK4361002ZA/V11185
A54: DP | B54: VR01 | C54: ROH | D54: PNPK4361001ZA/V1 | E54: Carton box | F54: 0.1329 | G54: 1185 | H54: 5 | I54: 0.6645 | J54: R31 | K54: R31 | N54: 5 | O54: =N54*F54 -> 0.6645 | R54: PSNV cost | S54: Scrap PSNV cost | W54: Đặng Huyền | Y54: VE115 | Z54: PHUONG LINH INVESTMENT TRADING | AA54: -2220 | AB54: -2796 | AC54: -1680 | AD54: -1500 | AE54: Local | AF54: =D54&G54 -> PNPK4361001ZA/V11185
A55: DP | B55: VR01 | C55: ROH | D55: PNPK4313003ZA/V1 | E55: CARTON BOX | F55: 0.2212 | G55: 1185 | H55: 3 | I55: 0.6636 | J55: R44 | K55: R44 | N55: 3 | O55: =N55*F55 -> 0.6636 | R55: PSNV cost | S55: Scrap PSNV cost | W55: Nguyễn | Y55: VE116 | Z55: BRANCH OF OJITEX HAI PHONG CO. | AA55: -780 | AB55: -894 | AC55: -702 | AD55: -360 | AE55: Local | AF55: =D55&G55 -> PNPK4313003ZA/V11185
A56: DP | B56: VR01 | C56: ROH | D56: PNPK4315001ZA/V1 | E56: CARTON BOX | F56: 0.08 | G56: 1185 | H56: 8 | I56: 0.64 | J56: R44 | K56: R44 | N56: 8 | O56: =N56*F56 -> 0.64 | R56: PSNV cost | S56: Scrap PSNV cost | W56: Nguyễn | Y56: VE116 | Z56: BRANCH OF OJITEX HAI PHONG CO. | AA56: -330 | AB56: -354 | AC56: -312 | AD56: -282 | AE56: Local | AF56: =D56&G56 -> PNPK4315001ZA/V11185
A57: DP | B57: VR01 | C57: ROH | D57: PNBC1582ZA1W252/V2 | E57: BUTTON/CURSOR MDM310 | F57: 0.0344 | G57: 1185 | H57: 18 | I57: 0.6192 | J57: R35 | K57: R35 | N57: 18 | O57: =N57*F57 -> 0.6192 | R57: PSNV cost | S57: Scrap PSNV cost | W57: Thùy Linh | Y57: VE079 | Z57: VIETDRAGON PRECISION PLASTIC CO. | AA57: -10170 | AB57: -11690 | AC57: -8997 | AD57: -10860 | AE57: Local | AF57: =D57&G57 -> PNBC1582ZA1W252/V21185
A58: DP | B58: VR01 | C58: ROH | D58: PNPK3131002YA/V1 | E58: CARTON BOX | F58: 0.1988 | G58: 1185 | H58: 3 | I58: 0.5964 | J58: R44 | K58: R44 | N58: 3 | O58: =N58*F58 -> 0.5964 | R58: PSNV cost | S58: Scrap PSNV cost | T58: =IFERROR(VLOOKUP(D58,[2]Sheet1!$B:$C,2,0),"") | W58: Nguyễn | Y58: VE116 | Z58: BRANCH OF OJITEX HAI PHONG CO. | AA58: -144 | AB58: -102 | AC58: -102 | AD58: -96 | AE58: Local | AF58: =D58&G58 -> PNPK3131002YA/V11185
A59: DP | B59: VR01 | C59: ROH | D59: PNPN1429ZA/V1 | E59: CARTON PAD | F59: 0.1714 | G59: 1185 | H59: 3 | I59: 0.5142 | J59: R44 | K59: R44 | N59: 3 | O59: =N59*F59 -> 0.5142 | R59: PSNV cost | S59: Scrap PSNV cost | T59: =IFERROR(VLOOKUP(D59,[2]Sheet1!$B:$C,2,0),"") | W59: Nguyễn | Y59: VE041 | Z59: DYNAPAC (HANOI) CO. LTD | AA59: -360 | AB59: -894 | AC59: -330 | AD59: -300 | AE59: Local | AF59: =D59&G59 -> PNPN1429ZA/V11185
A60: DP | B60: VR01 | C60: ROH | D60: PNPN1604ZA/V2 | E60: CARTON PAD | F60: 0.16918 | G60: 1185 | H60: 3 | I60: 0.50754 | J60: R44 | K60: R44 | N60: 3 | O60: =N60*F60 -> 0.50754 | R60: PSNV cost | S60: Scrap PSNV cost | W60: Nguyễn | Y60: VE041 | Z60: DYNAPAC (HANOI) CO. LTD | AA60: -201 | AB60: 0 | AC60: 0 | AD60: -300 | AE60: Local | AF60: =D60&G60 -> PNPN1604ZA/V21185
A61: DP | B61: VR01 | C61: ROH | D61: PNPG3896003ZA/V3 | E61: CARTON BOX | F61: 0.49519 | G61: 1185 | H61: 1 | I61: 0.49519 | J61: R44 | K61: R44 | N61: 1 | O61: =N61*F61 -> 0.49519 | R61: PSNV cost | S61: Scrap PSNV cost | W61: Nguyễn | Y61: VE041 | Z61: DYNAPAC (HANOI) CO. LTD | AA61: -198 | AB61: -242 | AC61: -288 | AD61: -202 | AE61: Local | AF61: =D61&G61 -> PNPG3896003ZA/V31185
A62: DP | B62: VR01 | C62: ROH | D62: PNPN1600ZA/V1 | E62: CARTON PAD | F62: 0.24666 | G62: 1185 | H62: 2 | I62: 0.49332 | J62: R44 | K62: R44 | N62: 2 | O62: =N62*F62 -> 0.49332 | R62: PSNV cost | S62: Scrap PSNV cost | W62: Nguyễn | Y62: VE041 | Z62: DYNAPAC (HANOI) CO. LTD | AA62: -300 | AB62: -282 | AC62: -312 | AD62: -270 | AE62: Local | AF62: =D62&G62 -> PNPN1600ZA/V11185
A63: DP | B63: VR01 | C63: ROH | D63: PNPD1784ZA/V1 | E63: CARTON PAD | F63: 0.1577 | G63: 1185 | H63: 3 | I63: 0.4731 | J63: R44 | K63: R44 | N63: 3 | O63: =N63*F63 -> 0.4731 | R63: PSNV cost | S63: Scrap PSNV cost | W63: Nguyễn | Y63: VE116 | Z63: BRANCH OF OJITEX HAI PHONG CO. | AA63: -2670 | AB63: -2877 | AC63: -2100 | AD63: -2070 | AE63: Local | AF63: =D63&G63 -> PNPD1784ZA/V11185
A64: DP | B64: VR01 | C64: ROH | D64: PNPK4361003ZA/V1 | E64: Carton box | F64: 0.1412 | G64: 1185 | H64: 3 | I64: 0.4236 | J64: R31 | K64: R31 | N64: 3 | O64: =N64*F64 -> 0.4236 | R64: PSNV cost | S64: Scrap PSNV cost | W64: Đặng Huyền | Y64: VE115 | Z64: PHUONG LINH INVESTMENT TRADING | AA64: -330 | AB64: -300 | AC64: -330 | AD64: -306 | AE64: Local | AF64: =D64&G64 -> PNPK4361003ZA/V11185
A65: DP | B65: VR01 | C65: ROH | D65: PNPD2385ZA/V1 | E65: PAD 1 | F65: 0.02536 | G65: 1185 | H65: 15 | I65: 0.3804 | J65: R44 | K65: R44 | N65: 15 | O65: =N65*F65 -> 0.3804 | R65: PSNV cost | S65: Scrap PSNV cost | T65: =IFERROR(VLOOKUP(D65,[2]Sheet1!$B:$C,2,0),"") | W65: Nguyễn | Y65: VE041 | Z65: DYNAPAC (HANOI) CO. LTD | AA65: -34188 | AB65: -45108 | AC65: -20820 | AD65: -40740 | AE65: Local | AF65: =D65&G65 -> PNPD2385ZA/V11185
A66: DP | B66: VR01 | C66: ROH | D66: PNPK4360001ZA/V1 | E66: CARTON BOX | F66: 0.07 | G66: 1185 | H66: 5 | I66: 0.35 | J66: R31 | K66: R31 | N66: 5 | O66: =N66*F66 -> 0.35 | R66: PSNV cost | S66: Scrap PSNV cost | T66: =IFERROR(VLOOKUP(D66,[2]Sheet1!$B:$C,2,0),"") | W66: Đặng Huyền | Y66: VE115 | Z66: PHUONG LINH INVESTMENT TRADING | AA66: -570 | AB66: -486 | AC66: -570 | AD66: -480 | AE66: Local | AF66: =D66&G66 -> PNPK4360001ZA/V11185
A67: DP | B67: VR01 | C67: ROH | D67: PNBC1584ZA1W252/V2 | E67: BUTTON/END MDM310 | F67: 0.0546 | G67: 1185 | H67: 6 | I67: 0.3276 | J67: R35 | K67: R35 | N67: 6 | O67: =N67*F67 -> 0.3276 | R67: PSNV cost | S67: Scrap PSNV cost | W67: Thùy Linh | Y67: VE079 | Z67: VIETDRAGON PRECISION PLASTIC CO. | AA67: -10170 | AB67: -11690 | AC67: -8997 | AD67: -10860 | AE67: Local | AF67: =D67&G67 -> PNBC1584ZA1W252/V21185
A68: DP | B68: VR01 | C68: ROH | D68: PNPN1599ZA/V1 | E68: CARTON PAD | F68: 0.1636 | G68: 1185 | H68: 2 | I68: 0.3272 | J68: R44 | K68: R44 | N68: 2 | O68: =N68*F68 -> 0.3272 | R68: PSNV cost | S68: Scrap PSNV cost | T68: =IFERROR(VLOOKUP(D68,[2]Sheet1!$B:$C,2,0),"") | W68: Nguyễn | Y68: VE041 | Z68: DYNAPAC (HANOI) CO. LTD | AA68: -390 | AB68: -543 | AC68: -510 | AD68: -462 | AE68: Local | AF68: =D68&G68 -> PNPN1599ZA/V11185
A69: DP | B69: VR01 | C69: ROH | D69: PNPK4206003ZA/V1 | E69: CARTON BOX | F69: 0.32203 | G69: 1185 | H69: 1 | I69: 0.32203 | J69: R44 | K69: R44 | N69: 1 | O69: =N69*F69 -> 0.32203 | R69: PSNV cost | S69: Scrap PSNV cost | W69: Nguyễn | Y69: VE041 | Z69: DYNAPAC (HANOI) CO. LTD | AA69: -126 | AB69: -120 | AC69: -114 | AD69: -90 | AE69: Local | AF69: =D69&G69 -> PNPK4206003ZA/V11185
A70: DP | B70: VR01 | C70: ROH | D70: PNJE1202ZB/V2 | E70: SHEET SWITCH | F70: 0.147 | G70: 1185 | H70: 2 | I70: 0.294 | J70: R33 | K70: R33 | N70: 2 | O70: =N70*F70 -> 0.294 | R70: PSNV cost | S70: Scrap PSNV cost | W70: Hà My | Y70: VE054 | Z70: FIT VIETNAM CO. LTD | AA70: -6108 | AB70: -5291 | AC70: -2836 | AD70: -1872 | AE70: Local | AF70: =D70&G70 -> PNJE1202ZB/V21185
A71: DP | B71: VR01 | C71: ROH | D71: PNPK4168001ZA/V3 | E71: CARTON BOX | F71: 0.29355 | G71: 1185 | H71: 1 | I71: 0.29355 | J71: R44 | K71: R44 | N71: 1 | O71: =N71*F71 -> 0.29355 | R71: PSNV cost | S71: Scrap PSNV cost | W71: Nguyễn | Y71: VE041 | Z71: DYNAPAC (HANOI) CO. LTD | AA71: -120 | AB71: -102 | AC71: -96 | AD71: -198 | AE71: Local | AF71: =D71&G71 -> PNPK4168001ZA/V31185
A72: DP | B72: VR01 | C72: ROH | D72: PNPK4312004ZA/V1 | E72: CARTON BOX | F72: 0.2904 | G72: 1185 | H72: 1 | I72: 0.2904 | J72: R44 | K72: R44 | N72: 1 | O72: =N72*F72 -> 0.2904 | R72: PSNV cost | S72: Scrap PSNV cost | W72: Nguyễn | Y72: VE116 | Z72: BRANCH OF OJITEX HAI PHONG CO. | AA72: -186 | AB72: -150 | AC72: -138 | AD72: -72 | AE72: Local | AF72: =D72&G72 -> PNPK4312004ZA/V11185
A73: DP | B73: VR01 | C73: ROH | D73: PNPG3934001YA/V3 | E73: CARTON BOX | F73: 0.26252 | G73: 1185 | H73: 1 | I73: 0.26252 | J73: R44 | K73: R44 | N73: 1 | O73: =N73*F73 -> 0.26252 | R73: PSNV cost | S73: Scrap PSNV cost | W73: Nguyễn | Y73: VE041 | Z73: DYNAPAC (HANOI) CO. LTD | AA73: -4 | AB73: -3 | AC73: -4 | AD73: -3 | AE73: Local | AF73: =D73&G73 -> PNPG3934001YA/V31185
A74: DP | B74: VR01 | C74: ROH | D74: PNPK3131012ZA/V1 | E74: CARTON BOX | F74: 0.2606 | G74: 1185 | H74: 1 | I74: 0.2606 | J74: R44 | K74: R44 | N74: 1 | O74: =N74*F74 -> 0.2606 | R74: PSNV cost | S74: Scrap PSNV cost | W74: Nguyễn | Y74: VE116 | Z74: BRANCH OF OJITEX HAI PHONG CO. | AA74: -360 | AB74: -360 | AC74: -324 | AD74: -282 | AE74: Local | AF74: =D74&G74 -> PNPK3131012ZA/V11185
A75: DP | B75: VR01 | C75: ROH | D75: PNPK4241006ZA/V2 | E75: CARTON BOX | F75: 0.25961 | G75: 1185 | H75: 1 | I75: 0.25961 | J75: R44 | K75: R44 | N75: 1 | O75: =N75*F75 -> 0.25961 | R75: PSNV cost | S75: Scrap PSNV cost | T75: =IFERROR(VLOOKUP(D75,[2]Sheet1!$B:$C,2,0),"") | W75: Nguyễn | Y75: VE041 | Z75: DYNAPAC (HANOI) CO. LTD | AA75: -450 | AB75: -420 | AC75: -348 | AD75: -330 | AE75: Local | AF75: =D75&G75 -> PNPK4241006ZA/V21185
A76: DP | B76: VR01 | C76: ROH | D76: PNPK4298007ZA/V1 | E76: CARTON BOX | F76: 0.25196 | G76: 1185 | H76: 1 | I76: 0.25196 | J76: R44 | K76: R44 | N76: 1 | O76: =N76*F76 -> 0.25196 | R76: PSNV cost | S76: Scrap PSNV cost | T76: =IFERROR(VLOOKUP(D76,[2]Sheet1!$B:$C,2,0),"") | W76: Nguyễn | Y76: VE041 | Z76: DYNAPAC (HANOI) CO. LTD | AA76: -1590 | AB76: -2016 | AC76: -1650 | AD76: -1560 | AE76: Local | AF76: =D76&G76 -> PNPK4298007ZA/V11185
A77: DP | B77: VR01 | C77: ROH | D77: PNPK2984000ZA/V1 | E77: CARTON BOX | F77: 0.2494 | G77: 1185 | H77: 1 | I77: 0.2494 | J77: R44 | K77: R44 | N77: 1 | O77: =N77*F77 -> 0.2494 | R77: PSNV cost | S77: Scrap PSNV cost | W77: Nguyễn | Y77: VE116 | Z77: BRANCH OF OJITEX HAI PHONG CO. | AA77: -246 | AB77: -240 | AC77: -102 | AD77: -204 | AE77: Local | AF77: =D77&G77 -> PNPK2984000ZA/V11185
A78: DP | B78: VR01 | C78: ROH | D78: PNPK4242000ZA/V2 | E78: CARTON BOX | F78: 0.24329 | G78: 1185 | H78: 1 | I78: 0.24329 | J78: R44 | K78: R44 | N78: 1 | O78: =N78*F78 -> 0.24329 | R78: PSNV cost | S78: Scrap PSNV cost | T78: =IFERROR(VLOOKUP(D78,[2]Sheet1!$B:$C,2,0),"") | W78: Nguyễn | Y78: VE041 | Z78: DYNAPAC (HANOI) CO. LTD | AA78: -60 | AB78: 0 | AC78: 0 | AD78: -15 | AE78: Local | AF78: =D78&G78 -> PNPK4242000ZA/V21185
A79: DP | B79: VR01 | C79: ROH | D79: PNPG4059001ZA/V1 | E79: CARTON BOX | F79: 0.2399 | G79: 1185 | H79: 1 | I79: 0.2399 | J79: R44 | K79: R44 | N79: 1 | O79: =N79*F79 -> 0.2399 | R79: PSNV cost | S79: Scrap PSNV cost | W79: Nguyễn | Y79: VE116 | Z79: BRANCH OF OJITEX HAI PHONG CO. | AA79: -34 | AB79: -6 | AC79: -28 | AD79: -42 | AE79: Local | AF79: =D79&G79 -> PNPG4059001ZA/V11185
A80: DP | B80: VR01 | C80: ROH | D80: PNPK4180000ZA/V2 | E80: CARTON BOX | F80: 0.11482 | G80: 1185 | H80: 2 | I80: 0.22964 | J80: R44 | K80: R44 | N80: 2 | O80: =N80*F80 -> 0.22964 | R80: PSNV cost | S80: Scrap PSNV cost | W80: Nguyễn | Y80: VE041 | Z80: DYNAPAC (HANOI) CO. LTD | AA80: -71 | AB80: -500 | AC80: -2000 | AD80: 0 | AE80: Local | AF80: =D80&G80 -> PNPK4180000ZA/V21185
A81: DP | B81: VR01 | C81: ROH | D81: PNPK4298003ZA/V1 | E81: CARTON BOX | F81: 0.21426 | G81: 1185 | H81: 1 | I81: 0.21426 | J81: R44 | K81: R44 | N81: 1 | O81: =N81*F81 -> 0.21426 | R81: PSNV cost | S81: Scrap PSNV cost | T81: =IFERROR(VLOOKUP(D81,[2]Sheet1!$B:$C,2,0),"") | W81: Nguyễn | Y81: VE041 | Z81: DYNAPAC (HANOI) CO. LTD | AA81: -102 | AB81: -54 | AC81: -54 | AD81: -42 | AE81: Local | AF81: =D81&G81 -> PNPK4298003ZA/V11185
A82: DP | B82: VR01 | C82: ROH | D82: PNPK4338011ZA/V1 | E82: CARTON BOX | F82: 0.10542 | G82: 1185 | H82: 2 | I82: 0.21084 | J82: R31 | K82: R31 | N82: 2 | O82: =N82*F82 -> 0.21084 | R82: PSNV cost | S82: Scrap PSNV cost | T82: =IFERROR(VLOOKUP(D82,[2]Sheet1!$B:$C,2,0),"") | W82: Đặng Huyền | Y82: VE115 | Z82: PHUONG LINH INVESTMENT TRADING | AA82: -720 | AB82: -1566 | AC82: -1530 | AD82: -1110 | AE82: Local | AF82: =D82&G82 -> PNPK4338011ZA/V11185
A83: DP | B83: VR01 | C83: ROH | D83: PNPK4369001ZA/V1 | E83: CARTON BOX | F83: 0.105 | G83: 1185 | H83: 2 | I83: 0.21 | J83: R44 | K83: R44 | N83: 2 | O83: =N83*F83 -> 0.21 | R83: PSNV cost | S83: Scrap PSNV cost | W83: Nguyễn | Y83: VE116 | Z83: BRANCH OF OJITEX HAI PHONG CO. | AA83: -170 | AB83: -30 | AC83: -140 | AD83: -210 | AE83: Local | AF83: =D83&G83 -> PNPK4369001ZA/V11185
A84: DP | B84: VR01 | C84: ROH | D84: PNPG4034008ZA/V1 | E84: CARTON BOX | F84: 0.2023 | G84: 1185 | H84: 1 | I84: 0.2023 | J84: R44 | K84: R44 | N84: 1 | O84: =N84*F84 -> 0.2023 | R84: PSNV cost | S84: Scrap PSNV cost | T84: =IFERROR(VLOOKUP(D84,[2]Sheet1!$B:$C,2,0),"") | W84: Nguyễn | Y84: VE041 | Z84: DYNAPAC (HANOI) CO. LTD | AA84: -1156 | AB84: -1740 | AC84: -293 | AD84: -1045 | AE84: Local | AF84: =D84&G84 -> PNPG4034008ZA/V11185
A85: DP | B85: VR01 | C85: ROH | D85: PNKF1122YB1W252/V2 | E85: LOWER CABINET | F85: 0.1804 | G85: 1185 | H85: 1 | I85: 0.1804 | J85: R35 | K85: R35 | N85: 1 | O85: =N85*F85 -> 0.1804 | R85: PSNV cost | S85: Scrap PSNV cost | W85: Thùy Linh | Y85: VE103 | Z85: THANG LONG CNCTECH JOINT STOCK | AA85: -18622 | AB85: -17835 | AC85: -15144 | AD85: -15186 | AE85: Local | AF85: =D85&G85 -> PNKF1122YB1W252/V21185
A86: DP | B86: VR01 | C86: ROH | D86: PNPK4359000ZA/V1 | E86: BLANK CARTON BOX | F86: 0.08751 | G86: 1185 | H86: 2 | I86: 0.17502 | J86: R44 | K86: R44 | N86: 2 | O86: =N86*F86 -> 0.17502 | R86: PSNV cost | S86: Scrap PSNV cost | T86: =IFERROR(VLOOKUP(D86,[2]Sheet1!$B:$C,2,0),"") | W86: Nguyễn | Y86: VE041 | Z86: DYNAPAC (HANOI) CO. LTD | AA86: -500 | AB86: -650 | AC86: -720 | AD86: -670 | AE86: Local | AF86: =D86&G86 -> PNPK4359000ZA/V11185
A87: DP | B87: VR01 | C87: ROH | D87: PNBC1583ZA1W252/V2 | E87: BUTTON/TALK MDM310 | F87: 0.0546 | G87: 1185 | H87: 3 | I87: 0.1638 | J87: R35 | K87: R35 | N87: 3 | O87: =N87*F87 -> 0.1638 | R87: PSNV cost | S87: Scrap PSNV cost | W87: Thùy Linh | Y87: VE079 | Z87: VIETDRAGON PRECISION PLASTIC CO. | AA87: -10170 | AB87: -11690 | AC87: -8997 | AD87: -10860 | AE87: Local | AF87: =D87&G87 -> PNBC1583ZA1W252/V21185
A88: DP | B88: VR01 | C88: ROH | D88: PNPN1623ZA/V1 | E88: CARTON PAD | F88: 0.0924 | G88: 1185 | H88: 1 | I88: 0.0924 | J88: R44 | K88: R44 | N88: 1 | O88: =N88*F88 -> 0.0924 | R88: PSNV cost | S88: Scrap PSNV cost | T88: =IFERROR(VLOOKUP(D88,[2]Sheet1!$B:$C,2,0),"") | W88: Nguyễn | Y88: VE061 | Z88: HUNG YEN CHUNG PHAT CO. LTD | AA88: -12342 | AB88: -12846 | AC88: -9804 | AD88: -10164 | AE88: Local | AF88: =D88&G88 -> PNPN1623ZA/V11185
A89: DP | B89: VR01 | C89: ROH | D89: PNPD2398ZA/V1 | E89: PAD | F89: 0.0918 | G89: 1185 | H89: 1 | I89: 0.0918 | J89: R44 | K89: R44 | N89: 1 | O89: =N89*F89 -> 0.0918 | R89: PSNV cost | S89: Scrap PSNV cost | T89: =IFERROR(VLOOKUP(D89,[2]Sheet1!$B:$C,2,0),"") | W89: Nguyễn | Y89: VE041 | Z89: DYNAPAC (HANOI) CO. LTD | AA89: -9900 | AB89: -11403 | AC89: -8667 | AD89: -10500 | AE89: Local | AF89: =D89&G89 -> PNPD2398ZA/V11185
A90: DP | B90: VR01 | C90: ROH | D90: PNPD2221ZA/V1 | E90: CARTON PAD | F90: 0.08959 | G90: 1185 | H90: 1 | I90: 0.08959 | J90: R44 | K90: R44 | N90: 1 | O90: =N90*F90 -> 0.08959 | R90: PSNV cost | S90: Scrap PSNV cost | W90: Nguyễn | Y90: VE041 | Z90: DYNAPAC (HANOI) CO. LTD | AA90: -4548 | AB90: -3294 | AC90: -3594 | AD90: -3540 | AE90: Local | AF90: =D90&G90 -> PNPD2221ZA/V11185
A91: DP | B91: VR01 | C91: ROH | D91: PNGTA490ZA/V1 | E91: NAME LABEL/MGZ30 | F91: 0.0183 | G91: 1185 | H91: 2 | I91: 0.0366 | J91: R33 | K91: R33 | N91: 2 | O91: =N91*F91 -> 0.0366 | R91: PSNV cost | S91: Scrap PSNV cost | T91: =IFERROR(VLOOKUP(D91,[2]Sheet1!$B:$C,2,0),"") | W91: Hà My | Y91: VE011 | Z91: MALUGO VIETNAM CO. LTD | AA91: -3300 | AB91: -3318 | AC91: -3210 | AD91: -3150 | AE91: Local | AF91: =D91&G91 -> PNGTA490ZA/V11185
A92: DP | B92: VR01 | C92: ROH | D92: PNGTB255ZA/V1 | E92: NAME PLATE | F92: 0.009 | G92: 1185 | H92: 4 | I92: 0.036 | J92: R33 | K92: R33 | N92: 4 | O92: =N92*F92 -> 0.036 | R92: PSNV cost | S92: Scrap PSNV cost | W92: Hà My | Y92: VE011 | Z92: MALUGO VIETNAM CO. LTD | AA92: -6186 | AB92: -5291 | AC92: -2332 | AD92: -1872 | AE92: Local | AF92: =D92&G92 -> PNGTB255ZA/V11185
A93: DP | B93: VR01 | C93: ROH | D93: PNGT8055YA/V1 | E93: NAME LABEL/WD614C | F93: 0.0139 | G93: 1185 | H93: 2 | I93: 0.0278 | J93: R33 | K93: R33 | N93: 2 | O93: =N93*F93 -> 0.0278 | R93: PSNV cost | S93: Scrap PSNV cost | T93: =IFERROR(VLOOKUP(D93,[2]Sheet1!$B:$C,2,0),"") | W93: Hà My | Y93: VE011 | Z93: MALUGO VIETNAM CO. LTD | AA93: -6118 | AB93: -5271 | AC93: -2352 | AD93: -1872 | AE93: Local | AF93: =D93&G93 -> PNGT8055YA/V11185
A94: DP | B94: VR01 | C94: ROH | D94: PNQT2848ZA/V2 | E94: CAUTION LABEL | F94: 0.0023 | G94: 1185 | H94: 11 | I94: 0.0253 | J94: R33 | K94: R33 | N94: 11 | O94: =N94*F94 -> 0.0253 | R94: PSNV cost | S94: Scrap PSNV cost | W94: Hà My | Y94: VE092 | Z94: GAOQI ELECTRONICS (VIETNAM) CO. LTD | AA94: -84550 | AB94: -93732 | AC94: -60325 | AD94: -82128 | AE94: Local | AF94: =D94&G94 -> PNQT2848ZA/V21185
A95: DP | B95: VR01 | C95: ROH | D95: PNGTA489ZA/V1 | E95: NAME LABEL/MGE30 | F95: 0.0183 | G95: 1185 | H95: 1 | I95: 0.0183 | J95: R33 | K95: R33 | N95: 1 | O95: =N95*F95 -> 0.0183 | R95: PSNV cost | S95: Scrap PSNV cost | W95: Hà My | Y95: VE011 | Z95: MALUGO VIETNAM CO. LTD | AA95: -1173 | AB95: -1440 | AC95: -1710 | AD95: -1200 | AE95: Local | AF95: =D95&G95 -> PNGTA489ZA/V11185
A96: DP | B96: VR01 | C96: ROH | D96: PNGTB002ZA/V1 | E96: NAME PLATE/Paper/JY1 | F96: 0.0144 | G96: 1185 | H96: 1 | I96: 0.0144 | J96: R33 | K96: R33 | N96: 1 | O96: =N96*F96 -> 0.0144 | R96: PSNV cost | S96: Scrap PSNV cost | T96: =IFERROR(VLOOKUP(D96,[2]Sheet1!$B:$C,2,0),"") | W96: Hà My | Y96: VE011 | Z96: MALUGO VIETNAM CO. LTD | AA96: -3900 | AB96: -2700 | AC96: -2400 | AD96: -2100 | AE96: Local | AF96: =D96&G96 -> PNGTB002ZA/V11185
A97: DP | B97: VR01 | C97: ROH | D97: PNGTA922ZA/V1 | E97: NAME PLATE MGZ20 | F97: 0.0096 | G97: 1185 | H97: 1 | I97: 0.0096 | J97: R33 | K97: R33 | N97: 1 | O97: =N97*F97 -> 0.0096 | R97: PSNV cost | S97: Scrap PSNV cost | W97: Hà My | Y97: VE092 | Z97: GAOQI ELECTRONICS (VIETNAM) CO. LTD | AA97: -9900 | AB97: -9820 | AC97: -7050 | AD97: -9000 | AE97: Local | AF97: =D97&G97 -> PNGTA922ZA/V11185
A98: DP | B98: VR01 | C98: ROH | D98: PNGTB340ZA/V1 | E98: NAME PLATE_MB35A | F98: 0.0065 | G98: 1185 | H98: 1 | I98: 0.0065 | J98: R33 | K98: R33 | N98: 1 | O98: =N98*F98 -> 0.0065 | R98: PSNV cost | S98: Scrap PSNV cost | W98: Hà My | Y98: VE092 | Z98: GAOQI ELECTRONICS (VIETNAM) CO. LTD | AA98: -3300 | AB98: -3624 | AC98: -3510 | AD98: -3150 | AE98: Local | AF98: =D98&G98 -> PNGTB340ZA/V11185
A99: DP | B99: VR01 | C99: ROH | D99: PNQT3404ZA/V2 | E99: LABEL/CAUTION/VG560 | F99: 0.0056 | G99: 1185 | H99: 1 | I99: 0.0056 | J99: R33 | K99: R33 | N99: 1 | O99: =N99*F99 -> 0.0056 | R99: PSNV cost | S99: Scrap PSNV cost | W99: Hà My | Y99: VE092 | Z99: GAOQI ELECTRONICS (VIETNAM) CO. LTD | AA99: -14503 | AB99: -16263 | AC99: -13683 | AD99: -15048 | AE99: Local | AF99: =D99&G99 -> PNQT3404ZA/V21185
A100: DP | B100: VR01 | C100: HALB | D100: 1AP1LPME31H1ZA | E100: Manual & Auto Insert Part | F100: 9.22204 | G100: 1196 | H100: 1 | I100: 9.22204 | K100: RB1 | L100: 1 | M100: =L100*F100 -> 9.22204 | R100: Vendor cost | S100: PUSVR26-3052 : 1 pcs | W100: Thanh Linh | X100: PNLB3007ZA-5N | Y100: VF170 | Z100: JIANGXI DONGXUN PRECISION | AA100: -27697 | AB100: -34938 | AC100: -16812 | AD100: -34590 | AF100: =D100&G100 -> 1AP1LPME31H1ZA1196 | AG100: 9.22204 | AH100: Claim Scrap Material/VF170/PUSVR26-3052 | AI100: =AG100*L100 -> 9.22204
...

Sheet Sum
B1: Summary NG List
B2: No. | C2: Sloc. | D2: 45962 | G2: Total | H2: 45992 | K2: Total | L2: PIC | M2: Plan
D3: VENDOR COST | E3: PSNV COST | F3: PENDING | H3: VENDOR COST | I3: PSNV COST | J3: PENDING
B4: 1 | C4: 6185 | D4: 0 | E4: 9.86155 | F4: 0 | G4: =SUM(D4:F4) -> 9.86155 | H4: =SUMIF('NG list'!G:G,Sum!C:C,'NG list'!M:M) -> 0 | I4: =SUMIF('NG list'!G:G,Sum!C:C,'NG list'!O:O) -> 35.43105 | J4: =SUMIF('NG list'!G:G,Sum!C:C,'NG list'!Q:Q) -> 0 | K4: =SUM(H4:J4) -> 35.43105 | L4: Ms.Ha My | M4: VG01
B5: 2 | C5: 6196 | D5: 0 | E5: 28.57145 | F5: 0 | G5: =SUM(D5:F5) -> 28.57145 | H5: =SUMIF('NG list'!G:G,Sum!C:C,'NG list'!M:M) -> 0 | I5: =SUMIF('NG list'!G:G,Sum!C:C,'NG list'!O:O) -> 4.58038 | J5: =SUMIF('NG list'!G:G,Sum!C:C,'NG list'!Q:Q) -> 0 | K5: =SUM(H5:J5) -> 4.58038 | L5: Ms.Ha My | M5: VG01
B6: 3 | C6: 6197 | D6: 648.4362 | E6: 295.92726 | F6: 55.3566 | G6: =SUM(D6:F6) -> 999.72006 | H6: =SUMIF('NG list'!G:G,Sum!C:C,'NG list'!M:M) -> 218.671 | I6: =SUMIF('NG list'!G:G,Sum!C:C,'NG list'!O:O) -> 335.60615 | J6: =SUMIF('NG list'!G:G,Sum!C:C,'NG list'!Q:Q) -> 0 | K6: =SUM(H6:J6) -> 554.27715 | L6: Ms.Ha My | M6: VG01
B7: 4 | C7: 6198 | D7: 0 | E7: 26.87958 | F7: 0 | G7: =SUM(D7:F7) -> 26.87958 | H7: =SUMIF('NG list'!G:G,Sum!C:C,'NG list'!M:M) -> 0 | I7: =SUMIF('NG list'!G:G,Sum!C:C,'NG list'!O:O) -> 165.4291 | J7: =SUMIF('NG list'!G:G,Sum!C:C,'NG list'!Q:Q) -> 0 | K7: =SUM(H7:J7) -> 165.4291 | L7: Ms.Ha My | M7: VG01
B8: 5 | C8: 61S5 | D8: 0 | E8: 0 | F8: 0 | G8: =SUM(D8:F8) -> 0 | H8: =SUMIF('NG list'!G:G,Sum!C:C,'NG list'!M:M) -> 0 | I8: =SUMIF('NG list'!G:G,Sum!C:C,'NG list'!O:O) -> 2.581 | J8: =SUMIF('NG list'!G:G,Sum!C:C,'NG list'!Q:Q) -> 0 | K8: =SUM(H8:J8) -> 2.581 | L8: Ms.Ha My | M8: VG01
B9: 6 | C9: 61S7 | D9: 0 | E9: 0 | F9: 0 | G9: =SUM(D9:F9) -> 0 | H9: =SUMIF('NG list'!G:G,Sum!C:C,'NG list'!M:M) -> 0 | I9: =SUMIF('NG list'!G:G,Sum!C:C,'NG list'!O:O) -> 0 | J9: =SUMIF('NG list'!G:G,Sum!C:C,'NG list'!Q:Q) -> 0 | K9: =SUM(H9:J9) -> 0 | L9: Ms.Ha My | M9: VG01
B10: 7 | C10: 6DK7 | D10: 28.3776 | E10: 22.34963 | F10: 127.6992 | G10: =SUM(D10:F10) -> 178.42643 | H10: =SUMIF('NG list'!G:G,Sum!C:C,'NG list'!M:M) -> 0 | I10: =SUMIF('NG list'!G:G,Sum!C:C,'NG list'!O:O) -> 1.79374 | J10: =SUMIF('NG list'!G:G,Sum!C:C,'NG list'!Q:Q) -> 0 | K10: =SUM(H10:J10) -> 1.79374 | L10: Ms.Ha My | M10: VG01
B11: 8 | C11: 6JP7 | D11: 0 | E11: 0 | F11: 0 | G11: =SUM(D11:F11) -> 0 | H11: =SUMIF('NG list'!G:G,Sum!C:C,'NG list'!M:M) -> 0 | I11: =SUMIF('NG list'!G:G,Sum!C:C,'NG list'!O:O) -> 0 | J11: =SUMIF('NG list'!G:G,Sum!C:C,'NG list'!Q:Q) -> 0 | K11: =SUM(H11:J11) -> 0 | L11: Ms.Ha My | M11: VG01
B12: 9 | C12: 6193 | D12: 0 | E12: 0 | F12: 0 | G12: =SUM(D12:F12) -> 0 | H12: =SUMIF('NG list'!G:G,Sum!C:C,'NG list'!M:M) -> 0 | I12: =SUMIF('NG list'!G:G,Sum!C:C,'NG list'!O:O) -> 18.2688 | J12: =SUMIF('NG list'!G:G,Sum!C:C,'NG list'!Q:Q) -> 0 | K12: =SUM(H12:J12) -> 18.2688 | L12: Ms.Ha My | M12: VG01
B13: 10 | C13: 61T8 | D13: 0 | E13: 0 | F13: 0 | G13: =SUM(D13:F13) -> 0 | H13: =SUMIF('NG list'!G:G,Sum!C:C,'NG list'!M:M) -> 0 | I13: =SUMIF('NG list'!G:G,Sum!C:C,'NG list'!O:O) -> 0 | J13: =SUMIF('NG list'!G:G,Sum!C:C,'NG list'!Q:Q) -> 0 | K13: =SUM(H13:J13) -> 0 | L13: Ms.Ha My | M13: VG01
B14: 11 | C14: 61W5 | D14: 0 | E14: 1.22292 | F14: 0 | G14: =SUM(D14:F14) -> 1.22292 | H14: =SUMIF('NG list'!G:G,Sum!C:C,'NG list'!M:M) -> 0 | I14: =SUMIF('NG list'!G:G,Sum!C:C,'NG list'!O:O) -> 0 | J14: =SUMIF('NG list'!G:G,Sum!C:C,'NG list'!Q:Q) -> 0 | K14: =SUM(H14:J14) -> 0 | L14: Ms.Ha My | M14: VG01
B15: 12 | C15: 6M17 | D15: 0 | E15: 0 | F15: 0 | G15: =SUM(D15:F15) -> 0 | H15: =SUMIF('NG list'!G:G,Sum!C:C,'NG list'!M:M) -> 0 | I15: =SUMIF('NG list'!G:G,Sum!C:C,'NG list'!O:O) -> 0 | J15: =SUMIF('NG list'!G:G,Sum!C:C,'NG list'!Q:Q) -> 0 | K15: =SUM(H15:J15) -> 0 | L15: Ms.Ha My | M15: VG01
B16: 1 | C16: 9C85 | D16: 0 | E16: 0 | F16: 0 | G16: =SUM(D16:F16) -> 0 | H16: =SUMIF('NG list'!G:G,Sum!C:C,'NG list'!M:M) -> 0 | I16: =SUMIF('NG list'!G:G,Sum!C:C,'NG list'!O:O) -> 2.4647 | J16: =SUMIF('NG list'!G:G,Sum!C:C,'NG list'!Q:Q) -> 0 | K16: =SUM(H16:J16) -> 2.4647 | L16: Ms.Riem | M16: VE01
B17: 2 | C17: 9C93 | D17: 0 | E17: 0 | F17: 0 | G17: =SUM(D17:F17) -> 0 | H17: =SUMIF('NG list'!G:G,Sum!C:C,'NG list'!M:M) -> 0 | I17: =SUMIF('NG list'!G:G,Sum!C:C,'NG list'!O:O) -> 0 | J17: =SUMIF('NG list'!G:G,Sum!C:C,'NG list'!Q:Q) -> 0 | K17: =SUM(H17:J17) -> 0 | L17: Ms.Riem | M17: VE01
B18: 3 | C18: 9C96 | D18: 0 | E18: 0 | F18: 0 | G18: =SUM(D18:F18) -> 0 | H18: =SUMIF('NG list'!G:G,Sum!C:C,'NG list'!M:M) -> 0 | I18: =SUMIF('NG list'!G:G,Sum!C:C,'NG list'!O:O) -> 0 | J18: =SUMIF('NG list'!G:G,Sum!C:C,'NG list'!Q:Q) -> 0 | K18: =SUM(H18:J18) -> 0 | L18: Ms.Riem | M18: VE01
B19: 4 | C19: 9C97 | D19: 0 | E19: 0 | F19: 0 | G19: =SUM(D19:F19) -> 0 | H19: =SUMIF('NG list'!G:G,Sum!C:C,'NG list'!M:M) -> 0 | I19: =SUMIF('NG list'!G:G,Sum!C:C,'NG list'!O:O) -> 70.41834 | J19: =SUMIF('NG list'!G:G,Sum!C:C,'NG list'!Q:Q) -> 0 | K19: =SUM(H19:J19) -> 70.41834 | L19: Ms.Riem | M19: VE01
B20: 5 | C20: 9C98 | D20: 0 | E20: 0 | F20: 0 | G20: =SUM(D20:F20) -> 0 | H20: =SUMIF('NG list'!G:G,Sum!C:C,'NG list'!M:M) -> 0 | I20: =SUMIF('NG list'!G:G,Sum!C:C,'NG list'!O:O) -> 27.84935 | J20: =SUMIF('NG list'!G:G,Sum!C:C,'NG list'!Q:Q) -> 0 | K20: =SUM(H20:J20) -> 27.84935 | L20: Ms.Riem | M20: VE01
B21: 6 | C21: 9S85 | D21: 0 | E21: 12.75694 | F21: 0 | G21: =SUM(D21:F21) -> 12.75694 | H21: =SUMIF('NG list'!G:G,Sum!C:C,'NG list'!M:M) -> 0 | I21: =SUMIF('NG list'!G:G,Sum!C:C,'NG list'!O:O) -> 63.25082 | J21: =SUMIF('NG list'!G:G,Sum!C:C,'NG list'!Q:Q) -> 0 | K21: =SUM(H21:J21) -> 63.25082 | L21: Ms.Riem | M21: VE01
B22: 7 | C22: 9S93 | D22: 0 | E22: 32.6264 | F22: 0 | G22: =SUM(D22:F22) -> 32.6264 | H22: =SUMIF('NG list'!G:G,Sum!C:C,'NG list'!M:M) -> 0 | I22: =SUMIF('NG list'!G:G,Sum!C:C,'NG list'!O:O) -> 74.06599 | J22: =SUMIF('NG list'!G:G,Sum!C:C,'NG list'!Q:Q) -> 0 | K22: =SUM(H22:J22) -> 74.06599 | L22: Ms.Riem | M22: VE01
B23: 8 | C23: 9S96 | D23: 0 | E23: 13.18606 | F23: 0 | G23: =SUM(D23:F23) -> 13.18606 | H23: =SUMIF('NG list'!G:G,Sum!C:C,'NG list'!M:M) -> 0 | I23: =SUMIF('NG list'!G:G,Sum!C:C,'NG list'!O:O) -> 0.88795 | J23: =SUMIF('NG list'!G:G,Sum!C:C,'NG list'!Q:Q) -> 0 | K23: =SUM(H23:J23) -> 0.88795 | L23: Ms.Riem | M23: VE01
B24: 9 | C24: 9S97 | D24: 33.5905 | E24: 36.20838 | F24: 0 | G24: =SUM(D24:F24) -> 69.79888 | H24: =SUMIF('NG list'!G:G,Sum!C:C,'NG list'!M:M) -> 27.8481 | I24: =SUMIF('NG list'!G:G,Sum!C:C,'NG list'!O:O) -> 123.89429 | J24: =SUMIF('NG list'!G:G,Sum!C:C,'NG list'!Q:Q) -> 0 | K24: =SUM(H24:J24) -> 151.74239 | L24: Ms.Riem | M24: VE01
... B31: 5 | C31: 11D8 | D31: 0 | E31: 13.893 | F31: 0 | G31: =SUM(D31:F31) -> 13.893 | H31: =SUMIF('NG list'!G:G,Sum!C:C,'NG list'!M:M) -> 0 | I31: =SUMIF('NG list'!G:G,Sum!C:C,'NG list'!O:O) -> 10.7065 | J31: =SUMIF('NG list'!G:G,Sum!C:C,'NG list'!Q:Q) -> 0 | K31: =SUM(H31:J31) -> 10.7065 | L31: Ms.Riem | M31: VR01
B32: 6 | C32: 1185 | D32: 0 | E32: 36.85364 | F32: 0 | G32: =SUM(D32:F32) -> 36.85364 | H32: =SUMIF('NG list'!G:G,Sum!C:C,'NG list'!M:M) -> 0 | I32: =SUMIF('NG list'!G:G,Sum!C:C,'NG list'!O:O) -> 126.77915 | J32: =SUMIF('NG list'!G:G,Sum!C:C,'NG list'!Q:Q) -> 0 | K32: =SUM(H32:J32) -> 126.77915 | L32: Ms.Riem | M32: VR01
B33: 7 | C33: 1196 | D33: 62.12925 | E33: 54.63656 | F33: 0 | G33: =SUM(D33:F33) -> 116.76581 | H33: =SUMIF('NG list'!G:G,Sum!C:C,'NG list'!M:M) -> 9.22204 | I33: =SUMIF('NG list'!G:G,Sum!C:C,'NG list'!O:O) -> 0 | J33: =SUMIF('NG list'!G:G,Sum!C:C,'NG list'!Q:Q) -> 0 | K33: =SUM(H33:J33) -> 9.22204 | L33: Ms.Riem | M33: VR01
B34: 8 | C34: 1197 | D34: 1569.556 | E34: 120.31393 | F34: 7098.8 | G34: =SUM(D34:F34) -> 8788.6699 | H34: =SUMIF('NG list'!G:G,Sum!C:C,'NG list'!M:M) -> 68.64 | I34: =SUMIF('NG list'!G:G,Sum!C:C,'NG list'!O:O) -> 212.02773 | J34: =SUMIF('NG list'!G:G,Sum!C:C,'NG list'!Q:Q) -> 0 | K34: =SUM(H34:J34) -> 280.66773 | L34: Ms.Riem | M34: VR01
B35: 9 | C35: 1193 | D35: 0 | E35: 0 | F35: 0 | G35: =SUM(D35:F35) -> 0 | H35: =SUMIF('NG list'!G:G,Sum!C:C,'NG list'!M:M) -> 0 | I35: =SUMIF('NG list'!G:G,Sum!C:C,'NG list'!O:O) -> 0 | J35: =SUMIF('NG list'!G:G,Sum!C:C,'NG list'!Q:Q) -> 0 | K35: =SUM(H35:J35) -> 0 | L35: Ms.Riem | M35: VR01
B36: 10 | C36: 1198 | D36: 0 | E36: 35.25417 | F36: 0 | G36: =SUM(D36:F36) -> 35.25417 | H36: =SUMIF('NG list'!G:G,Sum!C:C,'NG list'!M:M) -> 0 | I36: =SUMIF('NG list'!G:G,Sum!C:C,'NG list'!O:O) -> 14.9395 | J36: =SUMIF('NG list'!G:G,Sum!C:C,'NG list'!Q:Q) -> 0 | K36: =SUM(H36:J36) -> 14.9395 | L36: Ms.Riem | M36: VR01
B37: 11 | C37: 1DK7 | D37: 12.545 | E37: 16.99351 | F37: 0 | G37: =SUM(D37:F37) -> 29.53851 | H37: =SUMIF('NG list'!G:G,Sum!C:C,'NG list'!M:M) -> 0 | I37: =SUMIF('NG list'!G:G,Sum!C:C,'NG list'!O:O) -> 20.58654 | J37: =SUMIF('NG list'!G:G,Sum!C:C,'NG list'!Q:Q) -> 0 | K37: =SUM(H37:J37) -> 20.58654 | L37: Ms.Riem | M37: VR01
B38: 1 | C38: 5185 | D38: 0 | E38: 0 | F38: 0 | G38: =SUM(D38:F38) -> 0 | H38: =SUMIF('NG list'!G:G,Sum!C:C,'NG list'!M:M) -> 0 | I38: =SUMIF('NG list'!G:G,Sum!C:C,'NG list'!O:O) -> 0 | J38: =SUMIF('NG list'!G:G,Sum!C:C,'NG list'!Q:Q) -> 0 | K38: =SUM(H38:J38) -> 0 | L38: Ms.Uyen | M38: VB01
B39: 2 | C39: 5196 | D39: 0 | E39: 0 | F39: 0 | G39: =SUM(D39:F39) -> 0 | H39: =SUMIF('NG list'!G:G,Sum!C:C,'NG list'!M:M) -> 0 | I39: =SUMIF('NG list'!G:G,Sum!C:C,'NG list'!O:O) -> 0 | J39: =SUMIF('NG list'!G:G,Sum!C:C,'NG list'!Q:Q) -> 0 | K39: =SUM(H39:J39) -> 0 | L39: Ms.Uyen | M39: VB01
B40: 3 | C40: 5197 | D40: 0 | E40: 0 | F40: 0 | G40: =SUM(D40:F40) -> 0 | H40: =SUMIF('NG list'!G:G,Sum!C:C,'NG list'!M:M) -> 0 | I40: =SUMIF('NG list'!G:G,Sum!C:C,'NG list'!O:O) -> 0 | J40: =SUMIF('NG list'!G:G,Sum!C:C,'NG list'!Q:Q) -> 0 | K40: =SUM(H40:J40) -> 0 | L40: Ms.Uyen | M40: VB01
B41: 4 | C41: 5193 | D41: 0 | E41: 0 | F41: 0 | G41: =SUM(D41:F41) -> 0 | H41: =SUMIF('NG list'!G:G,Sum!C:C,'NG list'!M:M) -> 0 | I41: =SUMIF('NG list'!G:G,Sum!C:C,'NG list'!O:O) -> 0 | J41: =SUMIF('NG list'!G:G,Sum!C:C,'NG list'!Q:Q) -> 0 | K41: =SUM(H41:J41) -> 0 | L41: Ms.Uyen | M41: VB01
B42: 5 | C42: 5198 | D42: 0 | E42: 0 | F42: 0 | G42: =SUM(D42:F42) -> 0 | H42: =SUMIF('NG list'!G:G,Sum!C:C,'NG list'!M:M) -> 0 | I42: =SUMIF('NG list'!G:G,Sum!C:C,'NG list'!O:O) -> 0 | J42: =SUMIF('NG list'!G:G,Sum!C:C,'NG list'!Q:Q) -> 0 | K42: =SUM(H42:J42) -> 0 | L42: Ms.Uyen | M42: VB01
B43: 6 | C43: 5DK7 | D43: 43.54912 | E43: 45.72988 | F43: 0 | G43: =SUM(D43:F43) -> 89.279 | H43: =SUMIF('NG list'!G:G,Sum!C:C,'NG list'!M:M) -> 0 | I43: =SUMIF('NG list'!G:G,Sum!C:C,'NG list'!O:O) -> 0 | J43: =SUMIF('NG list'!G:G,Sum!C:C,'NG list'!Q:Q) -> 0 | K43: =SUM(H43:J43) -> 0 | L43: Ms.Uyen | M43: VB01
B44: 7 | C44: 5P85 | D44: 0 | E44: 22.10136 | F44: 0 | G44: =SUM(D44:F44) -> 22.10136 | H44: =SUMIF('NG list'!G:G,Sum!C:C,'NG list'!M:M) -> 0 | I44: =SUMIF('NG list'!G:G,Sum!C:C,'NG list'!O:O) -> 0 | J44: =SUMIF('NG list'!G:G,Sum!C:C,'NG list'!Q:Q) -> 0 | K44: =SUM(H44:J44) -> 0 | L44: Ms.Uyen | M44: VB01
B45: 8 | C45: 5P96 | D45: 247.84854 | E45: 47.28564 | F45: 0 | G45: =SUM(D45:F45) -> 295.13418 | H45: =SUMIF('NG list'!G:G,Sum!C:C,'NG list'!M:M) -> 0 | I45: =SUMIF('NG list'!G:G,Sum!C:C,'NG list'!O:O) -> 0 | J45: =SUMIF('NG list'!G:G,Sum!C:C,'NG list'!Q:Q) -> 0 | K45: =SUM(H45:J45) -> 0 | L45: Ms.Uyen | M45: VB01
B46: 9 | C46: 5P97 | D46: 544.93627 | E46: 1154.8085 | F46: 2.893 | G46: =SUM(D46:F46) -> 1702.6378 | H46: =SUMIF('NG list'!G:G,Sum!C:C,'NG list'!M:M) -> 0 | I46: =SUMIF('NG list'!G:G,Sum!C:C,'NG list'!O:O) -> 0 | J46: =SUMIF('NG list'!G:G,Sum!C:C,'NG list'!Q:Q) -> 0 | K46: =SUM(H46:J46) -> 0 | L46: Ms.Uyen | M46: VB01
B47: 10 | C47: 5P93 | D47: 0 | E47: 0 | F47: 0 | G47: =SUM(D47:F47) -> 0 | H47: =SUMIF('NG list'!G:G,Sum!C:C,'NG list'!M:M) -> 0 | I47: =SUMIF('NG list'!G:G,Sum!C:C,'NG list'!O:O) -> 0 | J47: =SUMIF('NG list'!G:G,Sum!C:C,'NG list'!Q:Q) -> 0 | K47: =SUM(H47:J47) -> 0 | L47: Ms.Uyen | M47: VB01
B48: 11 | C48: 5P98 | D48: 0 | E48: 35.53558 | F48: 0 | G48: =SUM(D48:F48) -> 35.53558 | H48: =SUMIF('NG list'!G:G,Sum!C:C,'NG list'!M:M) -> 0 | I48: =SUMIF('NG list'!G:G,Sum!C:C,'NG list'!O:O) -> 0 | J48: =SUMIF('NG list'!G:G,Sum!C:C,'NG list'!Q:Q) -> 0 | K48: =SUM(H48:J48) -> 0 | L48: Ms.Uyen | M48: VB01
B49: 12 | C49: 5PEX | D49: 0 | E49: 0 | F49: 0 | G49: =SUM(D49:F49) -> 0 | H49: =SUMIF('NG list'!G:G,Sum!C:C,'NG list'!M:M) -> 0 | I49: =SUMIF('NG list'!G:G,Sum!C:C,'NG list'!O:O) -> 0 | J49: =SUMIF('NG list'!G:G,Sum!C:C,'NG list'!Q:Q) -> 0 | K49: =SUM(H49:J49) -> 0 | L49: Ms.Uyen | M49: VB01
B50: 1 | C50: 8185 | D50: 0 | E50: 0 | F50: 0 | G50: =SUM(D50:F50) -> 0 | H50: =SUMIF('NG list'!G:G,Sum!C:C,'NG list'!M:M) -> 0 | I50: =SUMIF('NG list'!G:G,Sum!C:C,'NG list'!O:O) -> 0 | J50: =SUMIF('NG list'!G:G,Sum!C:C,'NG list'!Q:Q) -> 0 | K50: =SUM(H50:J50) -> 0 | L50: Ms.Hoa | M50: V501
B51: 2 | C51: 8196 | D51: 18.84003 | E51: 31.71916 | F51: 0 | G51: =SUM(D51:F51) -> 50.55919 | H51: =SUMIF('NG list'!G:G,Sum!C:C,'NG list'!M:M) -> 179.84414 | I51: =SUMIF('NG list'!G:G,Sum!C:C,'NG list'!O:O) -> 0.94184 | J51: =SUMIF('NG list'!G:G,Sum!C:C,'NG list'!Q:Q) -> 0 | K51: =SUM(H51:J51) -> 180.78598 | L51: Ms.Hoa | M51: V501
B52: 3 | C52: 8197 | D52: 1001.5 | E52: 46.54995 | F52: 309.735 | G52: =SUM(D52:F52) -> 1357.785 | H52: =SUMIF('NG list'!G:G,Sum!C:C,'NG list'!M:M) -> 6818.7366 | I52: =SUMIF('NG list'!G:G,Sum!C:C,'NG list'!O:O) -> 86.16687 | J52: =SUMIF('NG list'!G:G,Sum!C:C,'NG list'!Q:Q) -> 0 | K52: =SUM(H52:J52) -> 6904.9035 | L52: Ms.Hoa | M52: V501
B53: 4 | C53: 8193 | D53: 0 | E53: 0 | F53: 0 | G53: =SUM(D53:F53) -> 0 | H53: =SUMIF('NG list'!G:G,Sum!C:C,'NG list'!M:M) -> 0 | I53: =SUMIF('NG list'!G:G,Sum!C:C,'NG list'!O:O) -> 0 | J53: =SUMIF('NG list'!G:G,Sum!C:C,'NG list'!Q:Q) -> 0 | K53: =SUM(H53:J53) -> 0 | L53: Ms.Hoa | M53: V501
B54: 5 | C54: 8198 | D54: 0 | E54: 23.33649 | F54: 0 | G54: =SUM(D54:F54) -> 23.33649 | H54: =SUMIF('NG list'!G:G,Sum!C:C,'NG list'!M:M) -> 0 | I54: =SUMIF('NG list'!G:G,Sum!C:C,'NG list'!O:O) -> 21.36432 | J54: =SUMIF('NG list'!G:G,Sum!C:C,'NG list'!Q:Q) -> 0 | K54: =SUM(H54:J54) -> 21.36432 | L54: Ms.Hoa | M54: V501
B55: 6 | C55: 8187 | D55: 0 | E55: 6.47208 | F55: 0 | G55: =SUM(D55:F55) -> 6.47208 | H55: =SUMIF('NG list'!G:G,Sum!C:C,'NG list'!M:M) -> 0 | I55: =SUMIF('NG list'!G:G,Sum!C:C,'NG list'!O:O) -> 20.56576 | J55: =SUMIF('NG list'!G:G,Sum!C:C,'NG list'!Q:Q) -> 0 | K55: =SUM(H55:J55) -> 20.56576 | L55: Ms.Hoa | M55: V501
B56: 7 | C56: 8DK7 | D56: 0 | E56: 1.6789 | F56: 0 | G56: =SUM(D56:F56) -> 1.6789 | H56: =SUMIF('NG list'!G:G,Sum!C:C,'NG list'!M:M) -> 0 | I56: =SUMIF('NG list'!G:G,Sum!C:C,'NG list'!O:O) -> 0 | J56: =SUMIF('NG list'!G:G,Sum!C:C,'NG list'!Q:Q) -> 0 | K56: =SUM(H56:J56) -> 0 | L56: Ms.Hoa | M56: V501
B57: 8 | C57: 8J85 | D57: 0 | E57: 23.84756 | F57: 0 | G57: =SUM(D57:F57) -> 23.84756 | H57: =SUMIF('NG list'!G:G,Sum!C:C,'NG list'!M:M) -> 0 | I57: =SUMIF('NG list'!G:G,Sum!C:C,'NG list'!O:O) -> 5.2851 | J57: =SUMIF('NG list'!G:G,Sum!C:C,'NG list'!Q:Q) -> 0 | K57: =SUM(H57:J57) -> 5.2851 | L57: Ms.Hoa | M57: V501
B58: 9 | C58: 8917 | D58: 0 | E58: 3.80711 | F58: 0 | G58: =SUM(D58:F58) -> 3.80711 | H58: =SUMIF('NG list'!G:G,Sum!C:C,'NG list'!M:M) -> 0 | I58: =SUMIF('NG list'!G:G,Sum!C:C,'NG list'!O:O) -> 62.9174 | J58: =SUMIF('NG list'!G:G,Sum!C:C,'NG list'!Q:Q) -> 0 | K58: =SUM(H58:J58) -> 62.9174 | L58: Ms.Hoa | M58: V501
B60: Grand Total | D60: =SUBTOTAL(9,D4:D59) -> 4264.4891 | E60: =SUBTOTAL(9,E4:E59) -> 2276.1651 | F60: =SUBTOTAL(9,F4:F59) -> 7594.4838 | G60: =SUBTOTAL(9,G4:G59) -> 14135.138 | H60: =SUBTOTAL(9,H4:H59) -> 7332.2446 | I60: =SUBTOTAL(9,I4:I59) -> 1638.0659 | J60: =SUBTOTAL(9,J4:J59) -> 0 | K60: =SUBTOTAL(9,K4:K59) -> 8970.3105
